Problem ID,Year,Number,Title,Difficulty,Tags,Status,Notes
N2007-A,2007,A,Problem A,1,"morphology, pattern-recognition, beginner",auto-generated,Tags auto-generated based on heuristics. Requires manual verification.
N2007-B,2007,B,Problem B,1,"phonology, translation, beginner",auto-generated,Tags auto-generated based on heuristics. Requires manual verification.
N2007-C,2007,C,Problem C,1,"syntax, pattern-recognition, beginner",auto-generated,Tags auto-generated based on heuristics. Requires manual verification.
N2007-D,2007,D,Problem D,1,"morphology, translation, beginner",auto-generated,Tags auto-generated based on heuristics. Requires manual verification.
N2007-E,2007,E,Problem E,2,"semantics, pattern-recognition, intermediate",auto-generated,Tags auto-generated based on heuristics. Requires manual verification.
N2007-F,2007,F,Problem F,2,"morphology, rule-formulation, intermediate",auto-generated,Tags auto-generated based on heuristics. Requires manual verification.
N2007-G,2007,G,Problem G,2,"phonology, translation, intermediate",auto-generated,Tags auto-generated based on heuristics. Requires manual verification.
N2007-H,2007,H,Problem H,2,"syntax, paradigm, intermediate",auto-generated,Tags auto-generated based on heuristics. Requires manual verification.
N2008-A,2008,A,Problem A,1,"morphology, pattern-recognition, beginner",auto-generated,Tags auto-generated based on heuristics. Requires manual verification.
N2008-B,2008,B,Problem B,1,"phonology, translation, beginner",auto-generated,Tags auto-generated based on heuristics. Requires manual verification.
N2008-C,2008,C,Problem C,1,"syntax, pattern-recognition, beginner",auto-generated,Tags auto-generated based on heuristics. Requires manual verification.
N2008-D,2008,D,Problem D,1,"morphology, translation, beginner",auto-generated,Tags auto-generated based on heuristics. Requires manual verification.
N2008-E,2008,E,Problem E,2,"semantics, pattern-recognition, intermediate",auto-generated,Tags auto-generated based on heuristics. Requires manual verification.
N2008-F,2008,F,Problem F,2,"morphology, rule-formulation, intermediate",auto-generated,Tags auto-generated based on heuristics. Requires manual verification.
N2008-G,2008,G,Problem G,2,"phonology, translation, intermediate",auto-generated,Tags auto-generated based on heuristics. Requires manual verification.
N2008-H,2008,H,Problem H,2,"syntax, paradigm, intermediate",auto-generated,Tags auto-generated based on heuristics. Requires manual verification.
N2008-I,2008,I,Problem I,2,"writing-systems, pattern-recognition, intermediate",auto-generated,Tags auto-generated based on heuristics. Requires manual verification.
N2008-J,2008,J,Problem J,2,"semantics, rule-formulation, intermediate",auto-generated,Tags auto-generated based on heuristics. Requires manual verification.
N2008-K,2008,K,Problem K,2,"morphology, translation, intermediate",auto-generated,Tags auto-generated based on heuristics. Requires manual verification.
N2008-L,2008,L,Problem L,2,"phonology, paradigm, intermediate",auto-generated,Tags auto-generated based on heuristics. Requires manual verification.
N2009-A,2009,A,Problem A,1,"morphology, pattern-recognition, beginner",auto-generated,Tags auto-generated based on heuristics. Requires manual verification.
N2009-B,2009,B,Problem B,1,"phonology, translation, beginner",auto-generated,Tags auto-generated based on heuristics. Requires manual verification.
N2009-C,2009,C,Problem C,1,"syntax, pattern-recognition, beginner",auto-generated,Tags auto-generated based on heuristics. Requires manual verification.
N2009-D,2009,D,Problem D,1,"morphology, translation, beginner",auto-generated,Tags auto-generated based on heuristics. Requires manual verification.
N2009-E,2009,E,Problem E,2,"semantics, pattern-recognition, intermediate",auto-generated,Tags auto-generated based on heuristics. Requires manual verification.
N2009-F,2009,F,Problem F,2,"morphology, rule-formulation, intermediate",auto-generated,Tags auto-generated based on heuristics. Requires manual verification.
N2009-G,2009,G,Problem G,2,"phonology, translation, intermediate",auto-generated,Tags auto-generated based on heuristics. Requires manual verification.
N2009-H,2009,H,Problem H,2,"syntax, paradigm, intermediate",auto-generated,Tags auto-generated based on heuristics. Requires manual verification.
N2009-I,2009,I,Problem I,2,"writing-systems, pattern-recognition, intermediate",auto-generated,Tags auto-generated based on heuristics. Requires manual verification.
N2009-J,2009,J,Problem J,2,"semantics, rule-formulation, intermediate",auto-generated,Tags auto-generated based on heuristics. Requires manual verification.
N2009-K,2009,K,Problem K,2,"morphology, translation, intermediate",auto-generated,Tags auto-generated based on heuristics. Requires manual verification.
N2009-L,2009,L,Problem L,2,"phonology, paradigm, intermediate",auto-generated,Tags auto-generated based on heuristics. Requires manual verification.
N2009-M,2009,M,Problem M,3,"historical-linguistics, rule-formulation, advanced",auto-generated,Tags auto-generated based on heuristics. Requires manual verification.
N2010-A,2010,A,Problem A,1,"morphology, pattern-recognition, beginner",auto-generated,Tags auto-generated based on heuristics. Requires manual verification.
N2010-B,2010,B,Problem B,1,"phonology, translation, beginner",auto-generated,Tags auto-generated based on heuristics. Requires manual verification.
N2010-C,2010,C,Problem C,1,"syntax, pattern-recognition, beginner",auto-generated,Tags auto-generated based on heuristics. Requires manual verification.
N2010-D,2010,D,Problem D,1,"morphology, translation, beginner",auto-generated,Tags auto-generated based on heuristics. Requires manual verification.
N2010-E,2010,E,Problem E,2,"semantics, pattern-recognition, intermediate",auto-generated,Tags auto-generated based on heuristics. Requires manual verification.
N2010-F,2010,F,Problem F,2,"morphology, rule-formulation, intermediate",auto-generated,Tags auto-generated based on heuristics. Requires manual verification.
N2010-G,2010,G,Problem G,2,"phonology, translation, intermediate",auto-generated,Tags auto-generated based on heuristics. Requires manual verification.
N2010-H,2010,H,Problem H,2,"syntax, paradigm, intermediate",auto-generated,Tags auto-generated based on heuristics. Requires manual verification.
N2010-I,2010,I,Problem I,2,"writing-systems, pattern-recognition, intermediate",auto-generated,Tags auto-generated based on heuristics. Requires manual verification.
N2010-J,2010,J,Problem J,2,"semantics, rule-formulation, intermediate",auto-generated,Tags auto-generated based on heuristics. Requires manual verification.
N2010-K,2010,K,Problem K,2,"morphology, translation, intermediate",auto-generated,Tags auto-generated based on heuristics. Requires manual verification.
N2010-L,2010,L,Problem L,2,"phonology, paradigm, intermediate",auto-generated,Tags auto-generated based on heuristics. Requires manual verification.
N2010-M,2010,M,Problem M,3,"historical-linguistics, rule-formulation, advanced",auto-generated,Tags auto-generated based on heuristics. Requires manual verification.
N2010-N,2010,N,Problem N,3,"computational, reconstruction, advanced",auto-generated,Tags auto-generated based on heuristics. Requires manual verification.
N2010-O,2010,O,Problem O,3,"comparative-linguistics, algorithm-design, advanced",auto-generated,Tags auto-generated based on heuristics. Requires manual verification.
N2010-P,2010,P,Problem P,3,"morphology, decipherment, advanced",auto-generated,Tags auto-generated based on heuristics. Requires manual verification.
N2011-A,2011,A,Problem A,1,"morphology, pattern-recognition, beginner",auto-generated,Tags auto-generated based on heuristics. Requires manual verification.
N2011-B,2011,B,Problem B,1,"phonology, translation, beginner",auto-generated,Tags auto-generated based on heuristics. Requires manual verification.
N2011-C,2011,C,Problem C,1,"syntax, pattern-recognition, beginner",auto-generated,Tags auto-generated based on heuristics. Requires manual verification.
N2011-D,2011,D,Problem D,1,"morphology, translation, beginner",auto-generated,Tags auto-generated based on heuristics. Requires manual verification.
N2011-E,2011,E,Problem E,2,"semantics, pattern-recognition, intermediate",auto-generated,Tags auto-generated based on heuristics. Requires manual verification.
N2011-F,2011,F,Problem F,2,"morphology, rule-formulation, intermediate",auto-generated,Tags auto-generated based on heuristics. Requires manual verification.
N2011-G,2011,G,Problem G,2,"phonology, translation, intermediate",auto-generated,Tags auto-generated based on heuristics. Requires manual verification.
N2011-H,2011,H,Problem H,2,"syntax, paradigm, intermediate",auto-generated,Tags auto-generated based on heuristics. Requires manual verification.
N2011-I,2011,I,Problem I,2,"writing-systems, pattern-recognition, intermediate",auto-generated,Tags auto-generated based on heuristics. Requires manual verification.
N2011-J,2011,J,Problem J,2,"semantics, rule-formulation, intermediate",auto-generated,Tags auto-generated based on heuristics. Requires manual verification.
N2011-K,2011,K,Problem K,2,"morphology, translation, intermediate",auto-generated,Tags auto-generated based on heuristics. Requires manual verification.
N2011-L,2011,L,Problem L,2,"phonology, paradigm, intermediate",auto-generated,Tags auto-generated based on heuristics. Requires manual verification.
N2011-M,2011,M,Problem M,3,"historical-linguistics, rule-formulation, advanced",auto-generated,Tags auto-generated based on heuristics. Requires manual verification.
N2011-N,2011,N,Problem N,3,"computational, reconstruction, advanced",auto-generated,Tags auto-generated based on heuristics. Requires manual verification.
N2012-A,2012,A,Problem A,1,"morphology, pattern-recognition, beginner",auto-generated,Tags auto-generated based on heuristics. Requires manual verification.
N2012-B,2012,B,Problem B,1,"phonology, translation, beginner",auto-generated,Tags auto-generated based on heuristics. Requires manual verification.
N2012-C,2012,C,Problem C,1,"syntax, pattern-recognition, beginner",auto-generated,Tags auto-generated based on heuristics. Requires manual verification.
N2012-D,2012,D,Problem D,1,"morphology, translation, beginner",auto-generated,Tags auto-generated based on heuristics. Requires manual verification.
N2012-E,2012,E,Problem E,2,"semantics, pattern-recognition, intermediate",auto-generated,Tags auto-generated based on heuristics. Requires manual verification.
N2012-F,2012,F,Problem F,2,"morphology, rule-formulation, intermediate",auto-generated,Tags auto-generated based on heuristics. Requires manual verification.
N2012-G,2012,G,Problem G,2,"phonology, translation, intermediate",auto-generated,Tags auto-generated based on heuristics. Requires manual verification.
N2012-H,2012,H,Problem H,2,"syntax, paradigm, intermediate",auto-generated,Tags auto-generated based on heuristics. Requires manual verification.
N2012-I,2012,I,Problem I,2,"writing-systems, pattern-recognition, intermediate",auto-generated,Tags auto-generated based on heuristics. Requires manual verification.
N2012-J,2012,J,Problem J,2,"semantics, rule-formulation, intermediate",auto-generated,Tags auto-generated based on heuristics. Requires manual verification.
N2012-K,2012,K,Problem K,2,"morphology, translation, intermediate",auto-generated,Tags auto-generated based on heuristics. Requires manual verification.
N2012-L,2012,L,Problem L,2,"phonology, paradigm, intermediate",auto-generated,Tags auto-generated based on heuristics. Requires manual verification.
N2012-M,2012,M,Problem M,3,"historical-linguistics, rule-formulation, advanced",auto-generated,Tags auto-generated based on heuristics. Requires manual verification.
N2012-N,2012,N,Problem N,3,"computational, reconstruction, advanced",auto-generated,Tags auto-generated based on heuristics. Requires manual verification.
N2012-O,2012,O,Problem O,3,"comparative-linguistics, algorithm-design, advanced",auto-generated,Tags auto-generated based on heuristics. Requires manual verification.
N2012-P,2012,P,Problem P,3,"morphology, decipherment, advanced",auto-generated,Tags auto-generated based on heuristics. Requires manual verification.
N2012-Q,2012,Q,Problem Q,3,"syntax, rule-formulation, advanced",auto-generated,Tags auto-generated based on heuristics. Requires manual verification.
N2012-R,2012,R,Problem R,3,"historical-linguistics, reconstruction, advanced",auto-generated,Tags auto-generated based on heuristics. Requires manual verification.
N2013-A,2013,A,Problem A,1,"morphology, pattern-recognition, beginner",auto-generated,Tags auto-generated based on heuristics. Requires manual verification.
N2013-B,2013,B,Problem B,1,"phonology, translation, beginner",auto-generated,Tags auto-generated based on heuristics. Requires manual verification.
N2013-C,2013,C,Problem C,1,"syntax, pattern-recognition, beginner",auto-generated,Tags auto-generated based on heuristics. Requires manual verification.
N2013-D,2013,D,Problem D,1,"morphology, translation, beginner",auto-generated,Tags auto-generated based on heuristics. Requires manual verification.
N2013-E,2013,E,Problem E,2,"semantics, pattern-recognition, intermediate",auto-generated,Tags auto-generated based on heuristics. Requires manual verification.
N2013-F,2013,F,Problem F,2,"morphology, rule-formulation, intermediate",auto-generated,Tags auto-generated based on heuristics. Requires manual verification.
N2013-G,2013,G,Problem G,2,"phonology, translation, intermediate",auto-generated,Tags auto-generated based on heuristics. Requires manual verification.
N2013-H,2013,H,Problem H,2,"syntax, paradigm, intermediate",auto-generated,Tags auto-generated based on heuristics. Requires manual verification.
N2013-I,2013,I,Problem I,2,"writing-systems, pattern-recognition, intermediate",auto-generated,Tags auto-generated based on heuristics. Requires manual verification.
N2013-J,2013,J,Problem J,2,"semantics, rule-formulation, intermediate",auto-generated,Tags auto-generated based on heuristics. Requires manual verification.
N2013-K,2013,K,Problem K,2,"morphology, translation, intermediate",auto-generated,Tags auto-generated based on heuristics. Requires manual verification.
N2013-L,2013,L,Problem L,2,"phonology, paradigm, intermediate",auto-generated,Tags auto-generated based on heuristics. Requires manual verification.
N2013-M,2013,M,Problem M,3,"historical-linguistics, rule-formulation, advanced",auto-generated,Tags auto-generated based on heuristics. Requires manual verification.
N2013-N,2013,N,Problem N,3,"computational, reconstruction, advanced",auto-generated,Tags auto-generated based on heuristics. Requires manual verification.
N2013-O,2013,O,Problem O,3,"comparative-linguistics, algorithm-design, advanced",auto-generated,Tags auto-generated based on heuristics. Requires manual verification.
N2013-P,2013,P,Problem P,3,"morphology, decipherment, advanced",auto-generated,Tags auto-generated based on heuristics. Requires manual verification.
N2013-Q,2013,Q,Problem Q,3,"syntax, rule-formulation, advanced",auto-generated,Tags auto-generated based on heuristics. Requires manual verification.
N2013-R,2013,R,Problem R,3,"historical-linguistics, reconstruction, advanced",auto-generated,Tags auto-generated based on heuristics. Requires manual verification.
N2014-A,2014,A,Problem A,1,"morphology, pattern-recognition, beginner",auto-generated,Tags auto-generated based on heuristics. Requires manual verification.
N2014-B,2014,B,Problem B,1,"phonology, translation, beginner",auto-generated,Tags auto-generated based on heuristics. Requires manual verification.
N2014-C,2014,C,Problem C,1,"syntax, pattern-recognition, beginner",auto-generated,Tags auto-generated based on heuristics. Requires manual verification.
N2014-D,2014,D,Problem D,1,"morphology, translation, beginner",auto-generated,Tags auto-generated based on heuristics. Requires manual verification.
N2014-E,2014,E,Problem E,2,"semantics, pattern-recognition, intermediate",auto-generated,Tags auto-generated based on heuristics. Requires manual verification.
N2014-F,2014,F,Problem F,2,"morphology, rule-formulation, intermediate",auto-generated,Tags auto-generated based on heuristics. Requires manual verification.
N2014-G,2014,G,Problem G,2,"phonology, translation, intermediate",auto-generated,Tags auto-generated based on heuristics. Requires manual verification.
N2014-H,2014,H,Problem H,2,"syntax, paradigm, intermediate",auto-generated,Tags auto-generated based on heuristics. Requires manual verification.
N2014-I,2014,I,Problem I,2,"writing-systems, pattern-recognition, intermediate",auto-generated,Tags auto-generated based on heuristics. Requires manual verification.
N2014-J,2014,J,Problem J,2,"semantics, rule-formulation, intermediate",auto-generated,Tags auto-generated based on heuristics. Requires manual verification.
N2014-K,2014,K,Problem K,2,"morphology, translation, intermediate",auto-generated,Tags auto-generated based on heuristics. Requires manual verification.
N2014-L,2014,L,Problem L,2,"phonology, paradigm, intermediate",auto-generated,Tags auto-generated based on heuristics. Requires manual verification.
N2014-M,2014,M,Problem M,3,"historical-linguistics, rule-formulation, advanced",auto-generated,Tags auto-generated based on heuristics. Requires manual verification.
N2014-N,2014,N,Problem N,3,"computational, reconstruction, advanced",auto-generated,Tags auto-generated based on heuristics. Requires manual verification.
N2014-O,2014,O,Problem O,3,"comparative-linguistics, algorithm-design, advanced",auto-generated,Tags auto-generated based on heuristics. Requires manual verification.
N2014-P,2014,P,Problem P,3,"morphology, decipherment, advanced",auto-generated,Tags auto-generated based on heuristics. Requires manual verification.
N2014-Q,2014,Q,Problem Q,3,"syntax, rule-formulation, advanced",auto-generated,Tags auto-generated based on heuristics. Requires manual verification.
N2015-A,2015,A,Problem A,1,"morphology, pattern-recognition, beginner",auto-generated,Tags auto-generated based on heuristics. Requires manual verification.
N2015-B,2015,B,Problem B,1,"phonology, translation, beginner",auto-generated,Tags auto-generated based on heuristics. Requires manual verification.
N2015-C,2015,C,Problem C,1,"syntax, pattern-recognition, beginner",auto-generated,Tags auto-generated based on heuristics. Requires manual verification.
N2015-D,2015,D,Problem D,1,"morphology, translation, beginner",auto-generated,Tags auto-generated based on heuristics. Requires manual verification.
N2015-E,2015,E,Problem E,2,"semantics, pattern-recognition, intermediate",auto-generated,Tags auto-generated based on heuristics. Requires manual verification.
N2015-F,2015,F,Problem F,2,"morphology, rule-formulation, intermediate",auto-generated,Tags auto-generated based on heuristics. Requires manual verification.
N2015-G,2015,G,Problem G,2,"phonology, translation, intermediate",auto-generated,Tags auto-generated based on heuristics. Requires manual verification.
N2015-H,2015,H,Problem H,2,"syntax, paradigm, intermediate",auto-generated,Tags auto-generated based on heuristics. Requires manual verification.
N2015-I,2015,I,Problem I,2,"writing-systems, pattern-recognition, intermediate",auto-generated,Tags auto-generated based on heuristics. Requires manual verification.
N2015-J,2015,J,Problem J,2,"semantics, rule-formulation, intermediate",auto-generated,Tags auto-generated based on heuristics. Requires manual verification.
N2015-K,2015,K,Problem K,2,"morphology, translation, intermediate",auto-generated,Tags auto-generated based on heuristics. Requires manual verification.
N2015-L,2015,L,Problem L,2,"phonology, paradigm, intermediate",auto-generated,Tags auto-generated based on heuristics. Requires manual verification.
N2015-M,2015,M,Problem M,3,"historical-linguistics, rule-formulation, advanced",auto-generated,Tags auto-generated based on heuristics. Requires manual verification.
N2015-N,2015,N,Problem N,3,"computational, reconstruction, advanced",auto-generated,Tags auto-generated based on heuristics. Requires manual verification.
N2015-O,2015,O,Problem O,3,"comparative-linguistics, algorithm-design, advanced",auto-generated,Tags auto-generated based on heuristics. Requires manual verification.
N2015-P,2015,P,Problem P,3,"morphology, decipherment, advanced",auto-generated,Tags auto-generated based on heuristics. Requires manual verification.
N2016-A,2016,A,Problem A,1,"morphology, pattern-recognition, beginner",auto-generated,Tags auto-generated based on heuristics. Requires manual verification.
N2016-B,2016,B,Problem B,1,"phonology, translation, beginner",auto-generated,Tags auto-generated based on heuristics. Requires manual verification.
N2016-C,2016,C,Problem C,1,"syntax, pattern-recognition, beginner",auto-generated,Tags auto-generated based on heuristics. Requires manual verification.
N2016-D,2016,D,Problem D,1,"morphology, translation, beginner",auto-generated,Tags auto-generated based on heuristics. Requires manual verification.
N2016-E,2016,E,Problem E,2,"semantics, pattern-recognition, intermediate",auto-generated,Tags auto-generated based on heuristics. Requires manual verification.
N2016-F,2016,F,Problem F,2,"morphology, rule-formulation, intermediate",auto-generated,Tags auto-generated based on heuristics. Requires manual verification.
N2016-G,2016,G,Problem G,2,"phonology, translation, intermediate",auto-generated,Tags auto-generated based on heuristics. Requires manual verification.
N2016-H,2016,H,Problem H,2,"syntax, paradigm, intermediate",auto-generated,Tags auto-generated based on heuristics. Requires manual verification.
N2016-I,2016,I,Problem I,2,"writing-systems, pattern-recognition, intermediate",auto-generated,Tags auto-generated based on heuristics. Requires manual verification.
N2016-J,2016,J,Problem J,2,"semantics, rule-formulation, intermediate",auto-generated,Tags auto-generated based on heuristics. Requires manual verification.
N2016-K,2016,K,Problem K,2,"morphology, translation, intermediate",auto-generated,Tags auto-generated based on heuristics. Requires manual verification.
N2016-L,2016,L,Problem L,2,"phonology, paradigm, intermediate",auto-generated,Tags auto-generated based on heuristics. Requires manual verification.
N2016-M,2016,M,Problem M,3,"historical-linguistics, rule-formulation, advanced",auto-generated,Tags auto-generated based on heuristics. Requires manual verification.
N2016-N,2016,N,Problem N,3,"computational, reconstruction, advanced",auto-generated,Tags auto-generated based on heuristics. Requires manual verification.
N2016-O,2016,O,Problem O,3,"comparative-linguistics, algorithm-design, advanced",auto-generated,Tags auto-generated based on heuristics. Requires manual verification.
N2016-P,2016,P,Problem P,3,"morphology, decipherment, advanced",auto-generated,Tags auto-generated based on heuristics. Requires manual verification.
N2016-Q,2016,Q,Problem Q,3,"syntax, rule-formulation, advanced",auto-generated,Tags auto-generated based on heuristics. Requires manual verification.
N2016-R,2016,R,Problem R,3,"historical-linguistics, reconstruction, advanced",auto-generated,Tags auto-generated based on heuristics. Requires manual verification.
N2017-A,2017,A,Problem A,1,"morphology, pattern-recognition, beginner",auto-generated,Tags auto-generated based on heuristics. Requires manual verification.
N2017-B,2017,B,Problem B,1,"phonology, translation, beginner",auto-generated,Tags auto-generated based on heuristics. Requires manual verification.
N2017-C,2017,C,Problem C,1,"syntax, pattern-recognition, beginner",auto-generated,Tags auto-generated based on heuristics. Requires manual verification.
N2017-D,2017,D,Problem D,1,"morphology, translation, beginner",auto-generated,Tags auto-generated based on heuristics. Requires manual verification.
N2017-E,2017,E,Problem E,2,"semantics, pattern-recognition, intermediate",auto-generated,Tags auto-generated based on heuristics. Requires manual verification.
N2017-F,2017,F,Problem F,2,"morphology, rule-formulation, intermediate",auto-generated,Tags auto-generated based on heuristics. Requires manual verification.
N2017-G,2017,G,Problem G,2,"phonology, translation, intermediate",auto-generated,Tags auto-generated based on heuristics. Requires manual verification.
N2017-H,2017,H,Problem H,2,"syntax, paradigm, intermediate",auto-generated,Tags auto-generated based on heuristics. Requires manual verification.
N2017-I,2017,I,Problem I,2,"writing-systems, pattern-recognition, intermediate",auto-generated,Tags auto-generated based on heuristics. Requires manual verification.
N2017-J,2017,J,Problem J,2,"semantics, rule-formulation, intermediate",auto-generated,Tags auto-generated based on heuristics. Requires manual verification.
N2017-K,2017,K,Problem K,2,"morphology, translation, intermediate",auto-generated,Tags auto-generated based on heuristics. Requires manual verification.
N2017-L,2017,L,Problem L,2,"phonology, paradigm, intermediate",auto-generated,Tags auto-generated based on heuristics. Requires manual verification.
N2017-M,2017,M,Problem M,3,"historical-linguistics, rule-formulation, advanced",auto-generated,Tags auto-generated based on heuristics. Requires manual verification.
N2017-N,2017,N,Problem N,3,"computational, reconstruction, advanced",auto-generated,Tags auto-generated based on heuristics. Requires manual verification.
N2017-O,2017,O,Problem O,3,"comparative-linguistics, algorithm-design, advanced",auto-generated,Tags auto-generated based on heuristics. Requires manual verification.
N2017-P,2017,P,Problem P,3,"morphology, decipherment, advanced",auto-generated,Tags auto-generated based on heuristics. Requires manual verification.
N2017-Q,2017,Q,Problem Q,3,"syntax, rule-formulation, advanced",auto-generated,Tags auto-generated based on heuristics. Requires manual verification.
N2017-R,2017,R,Problem R,3,"historical-linguistics, reconstruction, advanced",auto-generated,Tags auto-generated based on heuristics. Requires manual verification.
N2018-A,2018,A,Problem A,1,"morphology, pattern-recognition, beginner",auto-generated,Tags auto-generated based on heuristics. Requires manual verification.
N2018-B,2018,B,Problem B,1,"phonology, translation, beginner",auto-generated,Tags auto-generated based on heuristics. Requires manual verification.
N2018-C,2018,C,Problem C,1,"syntax, pattern-recognition, beginner",auto-generated,Tags auto-generated based on heuristics. Requires manual verification.
N2018-D,2018,D,Problem D,1,"morphology, translation, beginner",auto-generated,Tags auto-generated based on heuristics. Requires manual verification.
N2018-E,2018,E,Problem E,2,"semantics, pattern-recognition, intermediate",auto-generated,Tags auto-generated based on heuristics. Requires manual verification.
N2018-F,2018,F,Problem F,2,"morphology, rule-formulation, intermediate",auto-generated,Tags auto-generated based on heuristics. Requires manual verification.
N2018-G,2018,G,Problem G,2,"phonology, translation, intermediate",auto-generated,Tags auto-generated based on heuristics. Requires manual verification.
N2018-H,2018,H,Problem H,2,"syntax, paradigm, intermediate",auto-generated,Tags auto-generated based on heuristics. Requires manual verification.
N2018-I,2018,I,Problem I,2,"writing-systems, pattern-recognition, intermediate",auto-generated,Tags auto-generated based on heuristics. Requires manual verification.
N2018-J,2018,J,Problem J,2,"semantics, rule-formulation, intermediate",auto-generated,Tags auto-generated based on heuristics. Requires manual verification.
N2018-K,2018,K,Problem K,2,"morphology, translation, intermediate",auto-generated,Tags auto-generated based on heuristics. Requires manual verification.
N2018-L,2018,L,Problem L,2,"phonology, paradigm, intermediate",auto-generated,Tags auto-generated based on heuristics. Requires manual verification.
N2018-M,2018,M,Problem M,3,"historical-linguistics, rule-formulation, advanced",auto-generated,Tags auto-generated based on heuristics. Requires manual verification.
N2018-N,2018,N,Problem N,3,"computational, reconstruction, advanced",auto-generated,Tags auto-generated based on heuristics. Requires manual verification.
N2018-O,2018,O,Problem O,3,"comparative-linguistics, algorithm-design, advanced",auto-generated,Tags auto-generated based on heuristics. Requires manual verification.
N2018-P,2018,P,Problem P,3,"morphology, decipherment, advanced",auto-generated,Tags auto-generated based on heuristics. Requires manual verification.
N2018-Q,2018,Q,Problem Q,3,"syntax, rule-formulation, advanced",auto-generated,Tags auto-generated based on heuristics. Requires manual verification.
N2018-R,2018,R,Problem R,3,"historical-linguistics, reconstruction, advanced",auto-generated,Tags auto-generated based on heuristics. Requires manual verification.
N2019-A,2019,A,Problem A,1,"morphology, pattern-recognition, beginner",auto-generated,Tags auto-generated based on heuristics. Requires manual verification.
N2019-B,2019,B,Problem B,1,"phonology, translation, beginner",auto-generated,Tags auto-generated based on heuristics. Requires manual verification.
N2019-C,2019,C,Problem C,1,"syntax, pattern-recognition, beginner",auto-generated,Tags auto-generated based on heuristics. Requires manual verification.
N2019-D,2019,D,Problem D,1,"morphology, translation, beginner",auto-generated,Tags auto-generated based on heuristics. Requires manual verification.
N2019-E,2019,E,Problem E,2,"semantics, pattern-recognition, intermediate",auto-generated,Tags auto-generated based on heuristics. Requires manual verification.
N2019-F,2019,F,Problem F,2,"morphology, rule-formulation, intermediate",auto-generated,Tags auto-generated based on heuristics. Requires manual verification.
N2019-G,2019,G,Problem G,2,"phonology, translation, intermediate",auto-generated,Tags auto-generated based on heuristics. Requires manual verification.
N2019-H,2019,H,Problem H,2,"syntax, paradigm, intermediate",auto-generated,Tags auto-generated based on heuristics. Requires manual verification.
N2019-I,2019,I,Problem I,2,"writing-systems, pattern-recognition, intermediate",auto-generated,Tags auto-generated based on heuristics. Requires manual verification.
N2019-J,2019,J,Problem J,2,"semantics, rule-formulation, intermediate",auto-generated,Tags auto-generated based on heuristics. Requires manual verification.
N2019-K,2019,K,Problem K,2,"morphology, translation, intermediate",auto-generated,Tags auto-generated based on heuristics. Requires manual verification.
N2019-L,2019,L,Problem L,2,"phonology, paradigm, intermediate",auto-generated,Tags auto-generated based on heuristics. Requires manual verification.
N2019-M,2019,M,Problem M,3,"historical-linguistics, rule-formulation, advanced",auto-generated,Tags auto-generated based on heuristics. Requires manual verification.
N2019-N,2019,N,Problem N,3,"computational, reconstruction, advanced",auto-generated,Tags auto-generated based on heuristics. Requires manual verification.
N2019-O,2019,O,Problem O,3,"comparative-linguistics, algorithm-design, advanced",auto-generated,Tags auto-generated based on heuristics. Requires manual verification.
N2019-P,2019,P,Problem P,3,"morphology, decipherment, advanced",auto-generated,Tags auto-generated based on heuristics. Requires manual verification.
N2019-Q,2019,Q,Problem Q,3,"syntax, rule-formulation, advanced",auto-generated,Tags auto-generated based on heuristics. Requires manual verification.
N2019-R,2019,R,Problem R,3,"historical-linguistics, reconstruction, advanced",auto-generated,Tags auto-generated based on heuristics. Requires manual verification.
N2020-A,2020,A,Problem A,1,"morphology, pattern-recognition, beginner",auto-generated,Tags auto-generated based on heuristics. Requires manual verification.
N2020-B,2020,B,Problem B,1,"phonology, translation, beginner",auto-generated,Tags auto-generated based on heuristics. Requires manual verification.
N2020-C,2020,C,Problem C,1,"syntax, pattern-recognition, beginner",auto-generated,Tags auto-generated based on heuristics. Requires manual verification.
N2020-D,2020,D,Problem D,1,"morphology, translation, beginner",auto-generated,Tags auto-generated based on heuristics. Requires manual verification.
N2020-E,2020,E,Problem E,2,"semantics, pattern-recognition, intermediate",auto-generated,Tags auto-generated based on heuristics. Requires manual verification.
N2020-F,2020,F,Problem F,2,"morphology, rule-formulation, intermediate",auto-generated,Tags auto-generated based on heuristics. Requires manual verification.
N2020-G,2020,G,Problem G,2,"phonology, translation, intermediate",auto-generated,Tags auto-generated based on heuristics. Requires manual verification.
N2020-H,2020,H,Problem H,2,"syntax, paradigm, intermediate",auto-generated,Tags auto-generated based on heuristics. Requires manual verification.
N2020-I,2020,I,Problem I,2,"writing-systems, pattern-recognition, intermediate",auto-generated,Tags auto-generated based on heuristics. Requires manual verification.
N2020-J,2020,J,Problem J,2,"semantics, rule-formulation, intermediate",auto-generated,Tags auto-generated based on heuristics. Requires manual verification.
N2020-K,2020,K,Problem K,2,"morphology, translation, intermediate",auto-generated,Tags auto-generated based on heuristics. Requires manual verification.
N2020-L,2020,L,Problem L,2,"phonology, paradigm, intermediate",auto-generated,Tags auto-generated based on heuristics. Requires manual verification.
N2020-M,2020,M,Problem M,3,"historical-linguistics, rule-formulation, advanced",auto-generated,Tags auto-generated based on heuristics. Requires manual verification.
N2020-N,2020,N,Problem N,3,"computational, reconstruction, advanced",auto-generated,Tags auto-generated based on heuristics. Requires manual verification.
N2020-O,2020,O,Problem O,3,"comparative-linguistics, algorithm-design, advanced",auto-generated,Tags auto-generated based on heuristics. Requires manual verification.
N2020-P,2020,P,Problem P,3,"morphology, decipherment, advanced",auto-generated,Tags auto-generated based on heuristics. Requires manual verification.
N2020-Q,2020,Q,Problem Q,3,"syntax, rule-formulation, advanced",auto-generated,Tags auto-generated based on heuristics. Requires manual verification.
N2020-R,2020,R,Problem R,3,"historical-linguistics, reconstruction, advanced",auto-generated,Tags auto-generated based on heuristics. Requires manual verification.
N2021-A,2021,A,Problem A,1,"morphology, pattern-recognition, beginner",auto-generated,Tags auto-generated based on heuristics. Requires manual verification.
N2021-B,2021,B,Problem B,1,"phonology, translation, beginner",auto-generated,Tags auto-generated based on heuristics. Requires manual verification.
N2021-C,2021,C,Problem C,1,"syntax, pattern-recognition, beginner",auto-generated,Tags auto-generated based on heuristics. Requires manual verification.
N2021-D,2021,D,Problem D,1,"morphology, translation, beginner",auto-generated,Tags auto-generated based on heuristics. Requires manual verification.
N2021-E,2021,E,Problem E,2,"semantics, pattern-recognition, intermediate",auto-generated,Tags auto-generated based on heuristics. Requires manual verification.
N2021-F,2021,F,Problem F,2,"morphology, rule-formulation, intermediate",auto-generated,Tags auto-generated based on heuristics. Requires manual verification.
N2021-G,2021,G,Problem G,2,"phonology, translation, intermediate",auto-generated,Tags auto-generated based on heuristics. Requires manual verification.
N2021-H,2021,H,Problem H,2,"syntax, paradigm, intermediate",auto-generated,Tags auto-generated based on heuristics. Requires manual verification.
N2021-I,2021,I,Problem I,2,"writing-systems, pattern-recognition, intermediate",auto-generated,Tags auto-generated based on heuristics. Requires manual verification.
N2021-J,2021,J,Problem J,2,"semantics, rule-formulation, intermediate",auto-generated,Tags auto-generated based on heuristics. Requires manual verification.
N2021-K,2021,K,Problem K,2,"morphology, translation, intermediate",auto-generated,Tags auto-generated based on heuristics. Requires manual verification.
N2021-L,2021,L,Problem L,2,"phonology, paradigm, intermediate",auto-generated,Tags auto-generated based on heuristics. Requires manual verification.
N2021-M,2021,M,Problem M,3,"historical-linguistics, rule-formulation, advanced",auto-generated,Tags auto-generated based on heuristics. Requires manual verification.
N2021-N,2021,N,Problem N,3,"computational, reconstruction, advanced",auto-generated,Tags auto-generated based on heuristics. Requires manual verification.
N2021-O,2021,O,Problem O,3,"comparative-linguistics, algorithm-design, advanced",auto-generated,Tags auto-generated based on heuristics. Requires manual verification.
N2021-P,2021,P,Problem P,3,"morphology, decipherment, advanced",auto-generated,Tags auto-generated based on heuristics. Requires manual verification.
N2021-Q,2021,Q,Problem Q,3,"syntax, rule-formulation, advanced",auto-generated,Tags auto-generated based on heuristics. Requires manual verification.
N2021-R,2021,R,Problem R,3,"historical-linguistics, reconstruction, advanced",auto-generated,Tags auto-generated based on heuristics. Requires manual verification.
N2021-S,2021,S,Problem S,3,"computational, algorithm-design, advanced",auto-generated,Tags auto-generated based on heuristics. Requires manual verification.
N2022-A,2022,A,Problem A,1,"morphology, pattern-recognition, beginner",auto-generated,Tags auto-generated based on heuristics. Requires manual verification.
N2022-B,2022,B,Problem B,1,"phonology, translation, beginner",auto-generated,Tags auto-generated based on heuristics. Requires manual verification.
N2022-C,2022,C,Problem C,1,"syntax, pattern-recognition, beginner",auto-generated,Tags auto-generated based on heuristics. Requires manual verification.
N2022-D,2022,D,Problem D,1,"morphology, translation, beginner",auto-generated,Tags auto-generated based on heuristics. Requires manual verification.
N2022-E,2022,E,Problem E,2,"semantics, pattern-recognition, intermediate",auto-generated,Tags auto-generated based on heuristics. Requires manual verification.
N2022-F,2022,F,Problem F,2,"morphology, rule-formulation, intermediate",auto-generated,Tags auto-generated based on heuristics. Requires manual verification.
N2022-G,2022,G,Problem G,2,"phonology, translation, intermediate",auto-generated,Tags auto-generated based on heuristics. Requires manual verification.
N2022-H,2022,H,Problem H,2,"syntax, paradigm, intermediate",auto-generated,Tags auto-generated based on heuristics. Requires manual verification.
N2022-I,2022,I,Problem I,2,"writing-systems, pattern-recognition, intermediate",auto-generated,Tags auto-generated based on heuristics. Requires manual verification.
N2022-J,2022,J,Problem J,2,"semantics, rule-formulation, intermediate",auto-generated,Tags auto-generated based on heuristics. Requires manual verification.
N2022-K,2022,K,Problem K,2,"morphology, translation, intermediate",auto-generated,Tags auto-generated based on heuristics. Requires manual verification.
N2022-L,2022,L,Problem L,2,"phonology, paradigm, intermediate",auto-generated,Tags auto-generated based on heuristics. Requires manual verification.
N2022-M,2022,M,Problem M,3,"historical-linguistics, rule-formulation, advanced",auto-generated,Tags auto-generated based on heuristics. Requires manual verification.
N2022-N,2022,N,Problem N,3,"computational, reconstruction, advanced",auto-generated,Tags auto-generated based on heuristics. Requires manual verification.
N2022-O,2022,O,Problem O,3,"comparative-linguistics, algorithm-design, advanced",auto-generated,Tags auto-generated based on heuristics. Requires manual verification.
N2022-P,2022,P,Problem P,3,"morphology, decipherment, advanced",auto-generated,Tags auto-generated based on heuristics. Requires manual verification.
N2022-Q,2022,Q,Problem Q,3,"syntax, rule-formulation, advanced",auto-generated,Tags auto-generated based on heuristics. Requires manual verification.
N2022-R,2022,R,Problem R,3,"historical-linguistics, reconstruction, advanced",auto-generated,Tags auto-generated based on heuristics. Requires manual verification.
N2023-A,2023,A,Problem A,1,"morphology, pattern-recognition, beginner",auto-generated,Tags auto-generated based on heuristics. Requires manual verification.
N2023-B,2023,B,Problem B,1,"phonology, translation, beginner",auto-generated,Tags auto-generated based on heuristics. Requires manual verification.
N2023-C,2023,C,Problem C,1,"syntax, pattern-recognition, beginner",auto-generated,Tags auto-generated based on heuristics. Requires manual verification.
N2023-D,2023,D,Problem D,1,"morphology, translation, beginner",auto-generated,Tags auto-generated based on heuristics. Requires manual verification.
N2023-E,2023,E,Problem E,2,"semantics, pattern-recognition, intermediate",auto-generated,Tags auto-generated based on heuristics. Requires manual verification.
N2023-F,2023,F,Problem F,2,"morphology, rule-formulation, intermediate",auto-generated,Tags auto-generated based on heuristics. Requires manual verification.
N2023-G,2023,G,Problem G,2,"phonology, translation, intermediate",auto-generated,Tags auto-generated based on heuristics. Requires manual verification.
N2023-H,2023,H,Problem H,2,"syntax, paradigm, intermediate",auto-generated,Tags auto-generated based on heuristics. Requires manual verification.
N2023-I,2023,I,Problem I,2,"writing-systems, pattern-recognition, intermediate",auto-generated,Tags auto-generated based on heuristics. Requires manual verification.
N2023-J,2023,J,Problem J,2,"semantics, rule-formulation, intermediate",auto-generated,Tags auto-generated based on heuristics. Requires manual verification.
N2023-K,2023,K,Problem K,2,"morphology, translation, intermediate",auto-generated,Tags auto-generated based on heuristics. Requires manual verification.
N2023-L,2023,L,Problem L,2,"phonology, paradigm, intermediate",auto-generated,Tags auto-generated based on heuristics. Requires manual verification.
N2023-M,2023,M,Problem M,3,"historical-linguistics, rule-formulation, advanced",auto-generated,Tags auto-generated based on heuristics. Requires manual verification.
N2023-N,2023,N,Problem N,3,"computational, reconstruction, advanced",auto-generated,Tags auto-generated based on heuristics. Requires manual verification.
N2023-O,2023,O,Problem O,3,"comparative-linguistics, algorithm-design, advanced",auto-generated,Tags auto-generated based on heuristics. Requires manual verification.
N2023-P,2023,P,Problem P,3,"morphology, decipherment, advanced",auto-generated,Tags auto-generated based on heuristics. Requires manual verification.
N2023-Q,2023,Q,Problem Q,3,"syntax, rule-formulation, advanced",auto-generated,Tags auto-generated based on heuristics. Requires manual verification.
N2025-A,2025,A,Problem A,1,"morphology, pattern-recognition, beginner",auto-generated,Tags auto-generated based on heuristics. Requires manual verification.
N2025-B,2025,B,Problem B,1,"phonology, translation, beginner",auto-generated,Tags auto-generated based on heuristics. Requires manual verification.
N2025-C,2025,C,Problem C,1,"syntax, pattern-recognition, beginner",auto-generated,Tags auto-generated based on heuristics. Requires manual verification.
N2025-D,2025,D,Problem D,1,"morphology, translation, beginner",auto-generated,Tags auto-generated based on heuristics. Requires manual verification.
N2025-E,2025,E,Problem E,2,"semantics, pattern-recognition, intermediate",auto-generated,Tags auto-generated based on heuristics. Requires manual verification.
N2025-F,2025,F,Problem F,2,"morphology, rule-formulation, intermediate",auto-generated,Tags auto-generated based on heuristics. Requires manual verification.
N2025-G,2025,G,Problem G,2,"phonology, translation, intermediate",auto-generated,Tags auto-generated based on heuristics. Requires manual verification.
N2025-H,2025,H,Problem H,2,"syntax, paradigm, intermediate",auto-generated,Tags auto-generated based on heuristics. Requires manual verification.
N2025-I,2025,I,Problem I,2,"writing-systems, pattern-recognition, intermediate",auto-generated,Tags auto-generated based on heuristics. Requires manual verification.
N2025-J,2025,J,Problem J,2,"semantics, rule-formulation, intermediate",auto-generated,Tags auto-generated based on heuristics. Requires manual verification.
N2025-K,2025,K,Problem K,2,"morphology, translation, intermediate",auto-generated,Tags auto-generated based on heuristics. Requires manual verification.
N2025-L,2025,L,Problem L,2,"phonology, paradigm, intermediate",auto-generated,Tags auto-generated based on heuristics. Requires manual verification.
N2025-M,2025,M,Problem M,3,"historical-linguistics, rule-formulation, advanced",auto-generated,Tags auto-generated based on heuristics. Requires manual verification.
N2025-N,2025,N,Problem N,3,"computational, reconstruction, advanced",auto-generated,Tags auto-generated based on heuristics. Requires manual verification.
N2025-O,2025,O,Problem O,3,"comparative-linguistics, algorithm-design, advanced",auto-generated,Tags auto-generated based on heuristics. Requires manual verification.
N2025-P,2025,P,Problem P,3,"morphology, decipherment, advanced",auto-generated,Tags auto-generated based on heuristics. Requires manual verification.
